borough_id,nbhd,name,transaction_volume,property_count,average_sale_price
1,MIDTOWN WEST,Manhattan,3784,654,2506259.725422833
1,UPPER EAST SIDE (59-79),Manhattan,1903,831,2802138.9542827117
1,UPPER EAST SIDE (79-96),Manhattan,1404,802,2439779.715099715
1,UPPER WEST SIDE (59-79),Manhattan,1364,823,3023110.0014662757
1,MIDTOWN EAST,Manhattan,1165,545,2759218.8660944207
1,UPPER WEST SIDE (79-96),Manhattan,815,486,3059157.046625767
1,CHELSEA,Manhattan,680,451,4531148.711764706
1,MURRAY HILL,Manhattan,627,367,2733107.931419458
1,HARLEM-CENTRAL,Manhattan,620,541,2323698.4693548386
1,GREENWICH VILLAGE-CENTRAL,Manhattan,532,213,3280284.665413534
1,TRIBECA,Manhattan,520,510,3027382.6326923077
1,GREENWICH VILLAGE-WEST,Manhattan,504,334,4026801.418650794
1,GRAMERCY,Manhattan,401,168,2280862.034912718
1,FLATIRON,Manhattan,370,275,11681055.702702703
1,FINANCIAL,Manhattan,368,352,4340439.470108695
1,CLINTON,Manhattan,347,315,4670274.812680115
1,UPPER WEST SIDE (96-116),Manhattan,337,171,2195236.6350148367
1,WASHINGTON HEIGHTS UPPER,Manhattan,305,104,1408241.3475409837
1,LOWER EAST SIDE,Manhattan,261,122,2760003.011494253
1,KIPS BAY,Manhattan,224,158,26749340.07142857
1,MANHATTAN VALLEY,Manhattan,200,169,1810856.61
1,SOHO,Manhattan,191,156,8485640.842931937
1,EAST VILLAGE,Manhattan,164,112,3280317.5426829266
1,WASHINGTON HEIGHTS LOWER,Manhattan,158,119,3049034.5316455695
1,MIDTOWN CBD,Manhattan,158,112,14276890.632911392
1,HARLEM-UPPER,Manhattan,151,140,1890568.1390728478
1,HARLEM-EAST,Manhattan,147,129,2541624.1836734693
1,CIVIC CENTER,Manhattan,127,101,3777318.433070866
1,ALPHABET CITY,Manhattan,122,96,2144088.2622950817
1,INWOOD,Manhattan,115,53,1210150.0869565217
1,FASHION,Manhattan,107,82,19801686.205607478
1,CHINATOWN,Manhattan,97,96,4766976.670103093
1,MORNINGSIDE HEIGHTS,Manhattan,73,17,1390416.2602739725
1,LITTLE ITALY,Manhattan,64,63,7834421.546875
1,SOUTHBRIDGE,Manhattan,63,45,2965954.904761905
1,UPPER EAST SIDE (96-110),Manhattan,47,30,2372980.1063829786
1,JAVITS CENTER,Manhattan,34,13,11874624.352941176
1,HARLEM-WEST,Manhattan,32,27,3942474.28125
2,RIVERDALE, Bronx,563,201,636050.3499111901
2,PARKCHESTER, Bronx,291,267,302362.13058419246
2,WILLIAMSBRIDGE, Bronx,255,226,656808.0352941176
2,MORRISANIA/LONGWOOD, Bronx,248,225,907696.3830645161
2,SOUNDVIEW, Bronx,243,212,638387.3086419753
2,BAYCHESTER, Bronx,231,215,416007.59307359305
2,MELROSE/CONCOURSE, Bronx,202,108,996335.7772277228
2,BRONXDALE, Bronx,199,169,818432.0653266332
2,THROGS NECK, Bronx,186,182,470192.41397849465
2,SCHUYLERVILLE/PELHAM BAY, Bronx,168,148,683678.3333333334
2,KINGSBRIDGE/JEROME PARK, Bronx,163,107,1768788.4233128834
2,WAKEFIELD, Bronx,162,155,596598.9074074074
2,BEDFORD PARK/NORWOOD, Bronx,146,108,1496996.2397260275
2,MORRIS PARK/VAN NEST, Bronx,135,123,1279009.6962962963
2,COUNTRY CLUB, Bronx,108,105,456447.06481481483
2,CASTLE HILL/UNIONPORT, Bronx,107,100,1027145.9252336449
2,EAST TREMONT, Bronx,106,90,1332723.6603773586
2,MOTT HAVEN/PORT MORRIS, Bronx,104,97,1908432.923076923
2,WESTCHESTER, Bronx,99,94,817808.6464646464
2,KINGSBRIDGE HTS/UNIV HTS, Bronx,98,67,1683680.8265306123
2,HIGHBRIDGE/MORRIS HEIGHTS, Bronx,88,81,1821977.6022727273
2,PELHAM PARKWAY SOUTH, Bronx,86,58,3462106.2558139535
2,PELHAM PARKWAY NORTH, Bronx,75,73,493009.5466666667
2,WOODLAWN, Bronx,67,55,391162.6417910448
2,BELMONT, Bronx,65,64,1252375.923076923
2,BATHGATE, Bronx,60,58,1012596.4666666667
2,MOUNT HOPE/MOUNT EDEN, Bronx,56,53,4355458.303571428
2,FORDHAM, Bronx,56,53,2895674.5714285714
2,CITY ISLAND, Bronx,55,52,492733.89090909093
2,HUNTS POINT, Bronx,48,48,1323531.1458333333
2,PELHAM GARDENS, Bronx,37,37,445224.3243243243
2,CROTONA PARK, Bronx,33,30,680871.2424242424
2,FIELDSTON, Bronx,26,16,1219535.1923076923
2,VAN CORTLANDT PARK, Bronx,4,2,320411.0
2,CITY ISLAND-PELHAM STRIP, Bronx,2,2,913888.5
2,BRONX PARK, Bronx,2,2,536153.5
2,CO-OP CITY, Bronx,1,1,850000.0
3,BEDFORD STUYVESANT,Brooklyn,1007,968,1217937.5243296921
3,BAY RIDGE,Brooklyn,674,439,774377.4896142433
3,EAST NEW YORK,Brooklyn,666,617,598842.7927927928
3,CROWN HEIGHTS,Brooklyn,601,550,1415660.465890183
3,BOROUGH PARK,Brooklyn,589,572,1120368.8624787775
3,SHEEPSHEAD BAY,Brooklyn,556,374,533225.2823741008
3,BUSHWICK,Brooklyn,524,487,1233594.8072519084
3,PARK SLOPE,Brooklyn,510,410,1826000.9156862744
3,FLATBUSH-EAST,Brooklyn,495,430,778218.5777777778
3,CANARSIE,Brooklyn,442,424,446697.685520362
3,FLATBUSH-CENTRAL,Brooklyn,409,326,1848082.7823960881
3,GRAVESEND,Brooklyn,386,353,791008.4274611399
3,SUNSET PARK,Brooklyn,380,357,1138961.994736842
3,OCEAN PARKWAY-NORTH,Brooklyn,347,238,822415.9279538905
3,OCEAN HILL,Brooklyn,305,281,853913.4131147541
3,BROOKLYN HEIGHTS,Brooklyn,305,188,2136402.062295082
3,BRIGHTON BEACH,Brooklyn,296,212,732535.8581081082
3,WILLIAMSBURG-NORTH,Brooklyn,291,285,3645823.463917526
3,WILLIAMSBURG-EAST,Brooklyn,281,276,1900522.9964412812
3,GREENPOINT,Brooklyn,273,266,2784319.824175824
3,CLINTON HILL,Brooklyn,273,159,1718482.5787545787
3,MARINE PARK,Brooklyn,272,224,663181.5294117647
3,MIDWOOD,Brooklyn,262,216,974720.3015267176
3,BENSONHURST,Brooklyn,257,249,1055017.7081712063
3,FLATBUSH-NORTH,Brooklyn,244,220,1402935.31147541
3,OCEAN PARKWAY-SOUTH,Brooklyn,244,190,1023374.774590164
3,CYPRESS HILLS,Brooklyn,242,224,634352.6487603306
3,MADISON,Brooklyn,236,202,780242.4915254237
3,WILLIAMSBURG-SOUTH,Brooklyn,212,208,1203619.5141509434
3,FORT GREENE,Brooklyn,190,136,2984900.668421053
3,BATH BEACH,Brooklyn,186,155,899535.1935483871
3,PROSPECT HEIGHTS,Brooklyn,183,129,1482388.475409836
3,DYKER HEIGHTS,Brooklyn,170,170,936430.2
3,CONEY ISLAND,Brooklyn,167,95,1799958.491017964
3,OLD MILL BASIN,Brooklyn,146,134,419287.6438356164
3,BROWNSVILLE,Brooklyn,145,138,798378.7862068965
3,DOWNTOWN-FULTON MALL,Brooklyn,139,124,5048965.043165468
3,PARK SLOPE SOUTH,Brooklyn,135,130,1667482.7703703705
3,BERGEN BEACH,Brooklyn,124,122,595478.7016129033
3,WINDSOR TERRACE,Brooklyn,124,80,930847.8145161291
3,FLATBUSH-LEFFERTS GARDEN,Brooklyn,117,94,1461084.9914529915
3,BOERUM HILL,Brooklyn,116,108,1836236.0258620689
3,CARROLL GARDENS,Brooklyn,114,109,2225340.464912281
3,COBBLE HILL,Brooklyn,114,102,2790699.447368421
3,DOWNTOWN-FULTON FERRY,Brooklyn,111,107,1733596.5765765766
3,DOWNTOWN-METROTECH,Brooklyn,108,63,814918.0462962963
3,FLATLANDS,Brooklyn,102,89,656544.2647058824
3,WYCKOFF HEIGHTS,Brooklyn,97,96,2382701.6082474226
3,KENSINGTON,Brooklyn,94,58,1017688.2340425532
3,GOWANUS,Brooklyn,82,82,3336146.5853658537
3,MILL BASIN,Brooklyn,78,78,799633.1538461539
3,WILLIAMSBURG-CENTRAL,Brooklyn,74,74,844465.2297297297
3,MANHATTAN BEACH,Brooklyn,66,66,1340339.7272727273
3,GERRITSEN BEACH,Brooklyn,63,60,369734.5238095238
3,COBBLE HILL-WEST,Brooklyn,54,53,1578508.1851851852
3,SEAGATE,Brooklyn,44,42,482468.1818181818
3,BUSH TERMINAL,Brooklyn,33,33,6451263.878787879
3,RED HOOK,Brooklyn,23,22,1277739.1304347827
3,NAVY YARD,Brooklyn,13,13,1753546.3076923077
3,BROOKLYN-UNKNOWN,Brooklyn,6,6,17200147.5
4,FLUSHING-NORTH,Queens,1612,1268,1221923.1736972705
4,FOREST HILLS,Queens,993,478,615889.4290030211
4,JACKSON HEIGHTS,Queens,802,432,506731.9413965087
4,BAYSIDE,Queens,783,554,649245.3524904215
4,FLUSHING-SOUTH,Queens,605,377,736332.8347107437
4,ASTORIA,Queens,575,461,1157076.8660869566
4,ELMHURST,Queens,548,393,716109.0291970803
4,REGO PARK,Queens,531,244,444357.7532956686
4,RICHMOND HILL,Queens,453,435,562413.1611479028
4,QUEENS VILLAGE,Queens,412,356,418707.6019417476
4,CORONA,Queens,408,356,703121.2867647059
4,ST. ALBANS,Queens,390,354,370987.9846153846
4,SO. JAMAICA-BAISLEY PARK,Queens,388,353,350414.1443298969
4,HOWARD BEACH,Queens,370,260,440072.1945945946
4,SPRINGFIELD GARDENS,Queens,368,338,585886.3586956522
4,LONG ISLAND CITY,Queens,350,304,4319532.465714286
4,SOUTH JAMAICA,Queens,337,307,450917.7744807122
4,OZONE PARK,Queens,327,308,485240.0917431193
4,OAKLAND GARDENS,Queens,321,98,414130.9439252336
4,RIDGEWOOD,Queens,311,302,998426.6237942122
4,MIDDLE VILLAGE,Queens,286,274,657770.3076923077
4,SOUTH OZONE PARK,Queens,286,268,451779.4300699301
4,GLEN OAKS,Queens,279,49,404985.12903225806
4,GLENDALE,Queens,276,230,618613.0978260869
4,HOLLIS,Queens,273,258,504398.0
4,WHITESTONE,Queens,272,192,701020.4852941176
4,MASPETH,Queens,266,254,805389.8157894737
4,KEW GARDENS,Queens,266,103,494845.992481203
4,WOODHAVEN,Queens,263,246,542369.1787072243
4,WOODSIDE,Queens,263,146,717276.7718631178
4,FAR ROCKAWAY,Queens,254,245,625682.811023622
4,ROSEDALE,Queens,248,227,407142.2580645161
4,COLLEGE POINT,Queens,246,240,688209.2276422764
4,JAMAICA,Queens,204,157,1000404.7352941176
4,SUNNYSIDE,Queens,199,129,929600.6733668342
4,ARVERNE,Queens,190,179,449895.81052631576
4,LITTLE NECK,Queens,182,110,619026.6483516484
4,LAURELTON,Queens,172,157,383950.12209302327
4,DOUGLASTON,Queens,163,116,610262.0306748466
4,BEECHHURST,Queens,140,74,492897.72142857144
4,BRIARWOOD,Queens,140,66,345997.65714285715
4,EAST ELMHURST,Queens,137,133,603862.8540145985
4,BELLEROSE,Queens,129,126,497100.7751937985
4,FLORAL PARK,Queens,122,108,517131.1475409836
4,FRESH MEADOWS,Queens,116,92,668805.698275862
4,CAMBRIA HEIGHTS,Queens,104,99,375265.3846153846
4,ROCKAWAY PARK,Queens,90,74,481327.9222222222
4,BELLE HARBOR,Queens,88,86,687099.6136363636
4,HILLCREST,Queens,82,51,374492.8292682927
4,HOLLISWOOD,Queens,75,43,581734.56
4,JAMAICA ESTATES,Queens,71,65,2009773.4084507043
4,JAMAICA HILLS,Queens,61,49,530201.1803278689
4,HAMMELS,Queens,52,50,456852.71153846156
4,HOLLIS HILLS,Queens,50,27,599050.0
4,BROAD CHANNEL,Queens,30,30,225465.36666666667
4,NEPONSIT,Queens,24,23,986958.3333333334
4,FLUSHING MEADOW PARK,Queens,11,4,323045.45454545453
4,JAMAICA BAY,Queens,7,6,288669.71428571426
4,AIRPORT LA GUARDIA,Queens,2,2,620000.0
4,AIRPORT JFK,Queens,1,1,7800000.0
5,GREAT KILLS,Staten Island,388,381,429840.54639175255
5,NEW SPRINGVILLE,Staten Island,281,277,372939.73665480426
5,MIDLAND BEACH,Staten Island,263,258,367459.58935361216
5,BULLS HEAD,Staten Island,208,203,435771.13942307694
5,ELTINGVILLE,Staten Island,202,201,456626.1584158416
5,ARDEN HEIGHTS,Staten Island,190,187,340738.1105263158
5,WEST NEW BRIGHTON,Staten Island,164,153,366756.8841463415
5,ROSEBANK,Staten Island,148,140,648457.7297297297
5,TOTTENVILLE,Staten Island,145,141,592733.3379310345
5,WESTERLEIGH,Staten Island,138,134,466078.94202898553
5,MARINERS HARBOR,Staten Island,129,123,277551.5581395349
5,PORT RICHMOND,Staten Island,126,122,328654.31746031746
5,NEW BRIGHTON,Staten Island,122,105,319051.0081967213
5,ROSSVILLE,Staten Island,114,113,401900.41228070174
5,WILLOWBROOK,Staten Island,112,111,469988.27678571426
5,ANNADALE,Staten Island,111,111,656467.4774774775
5,SOUTH BEACH,Staten Island,111,109,437784.7117117117
5,NEW DORP,Staten Island,110,107,487602.34545454546
5,PRINCES BAY,Staten Island,105,101,540800.9523809524
5,NEW BRIGHTON-ST. GEORGE,Staten Island,103,97,839391.291262136
5,CASTLETON CORNERS,Staten Island,100,99,445628.35
5,MANOR HEIGHTS,Staten Island,98,96,527977.9285714285
5,GRANT CITY,Staten Island,96,84,387195.9895833333
5,HUGUENOT,Staten Island,86,85,579760.1395348837
5,GRASMERE,Staten Island,74,74,763568.3378378379
5,STAPLETON,Staten Island,74,72,349020.8243243243
5,WOODROW,Staten Island,69,69,494277.8695652174
5,NEW DORP-BEACH,Staten Island,64,63,305191.140625
5,CONCORD,Staten Island,62,61,330245.8548387097
5,TRAVIS,Staten Island,61,59,490241.9672131148
5,NEW DORP-HEIGHTS,Staten Island,59,57,522093.0677966102
5,DONGAN HILLS,Staten Island,59,54,526662.220338983
5,CLOVE LAKES,Staten Island,58,45,433997.1896551724
5,RICHMONDTOWN,Staten Island,52,52,558138.1730769231
5,SILVER LAKE,Staten Island,50,50,454929.92
5,OAKWOOD-BEACH,Staten Island,43,43,992994.3023255814
5,SUNNYSIDE,Staten Island,43,42,471471.4418604651
5,DONGAN HILLS-COLONY,Staten Island,41,41,702365.8536585366
5,GRYMES HILL,Staten Island,40,30,400776.55
5,ROSSVILLE-CHARLESTON,Staten Island,39,38,891353.6666666666
5,TOMPKINSVILLE,Staten Island,39,36,378107.4358974359
5,GREAT KILLS-BAY TERRACE,Staten Island,36,32,405148.0
5,OAKWOOD,Staten Island,32,30,475118.34375
5,LIVINGSTON,Staten Island,31,24,313736.6451612903
5,STAPLETON-CLIFTON,Staten Island,30,29,355156.9
5,PLEASANT PLAINS,Staten Island,27,27,642257.4814814815
5,PORT IVORY,Staten Island,25,23,289487.4
5,ARROCHAR-SHORE ACRES,Staten Island,25,12,273280.0
5,ARROCHAR,Staten Island,24,24,542359.0
5,TODT HILL,Staten Island,19,19,1368500.0
5,CONCORD-FOX HILLS,Staten Island,12,11,278402.1666666667
5,ROSSVILLE-RICHMOND VALLEY,Staten Island,6,6,499458.3333333333
5,ROSSVILLE-PORT MOBIL,Staten Island,5,5,3627421.6
5,RICHMONDTOWN-LIGHTHS HILL,Staten Island,5,5,1029889.0
5,EMERSON HILL,Staten Island,4,4,1491133.75
5,DONGAN HILLS-OLD TOWN,Staten Island,4,4,479010.0
5,BLOOMFIELD,Staten Island,3,3,525333.3333333334
