borough_id,nbhd,name,transaction_volume,property_count,average_sale_price
1,UPPER EAST SIDE (59-79),Manhattan,1511,727,2524260.3765718066
1,UPPER EAST SIDE (79-96),Manhattan,1427,854,2384701.341275403
1,UPPER WEST SIDE (59-79),Manhattan,1259,784,2636331.542494043
1,MIDTOWN EAST,Manhattan,1090,474,2346504.062385321
1,UPPER WEST SIDE (79-96),Manhattan,700,396,2308678.2
1,CHELSEA,Manhattan,686,416,3619183.360058309
1,MIDTOWN WEST,Manhattan,657,512,4710576.347031963
1,HARLEM-CENTRAL,Manhattan,595,520,1702804.2773109244
1,MURRAY HILL,Manhattan,523,288,2337548.307839388
1,TRIBECA,Manhattan,495,485,3959855.602020202
1,GREENWICH VILLAGE-WEST,Manhattan,459,308,5057360.25708061
1,FINANCIAL,Manhattan,450,428,6313312.24
1,GREENWICH VILLAGE-CENTRAL,Manhattan,447,192,2718818.192393736
1,FLATIRON,Manhattan,414,313,4721720.760869565
1,GRAMERCY,Manhattan,382,156,1846304.5183246073
1,KIPS BAY,Manhattan,307,243,1979004.0912052118
1,CLINTON,Manhattan,302,266,2175269.536423841
1,UPPER WEST SIDE (96-116),Manhattan,299,166,1780850.4280936455
1,LOWER EAST SIDE,Manhattan,252,125,3370367.7023809524
1,SOHO,Manhattan,248,192,5012272.5322580645
1,CIVIC CENTER,Manhattan,247,222,7773034.04048583
1,WASHINGTON HEIGHTS UPPER,Manhattan,238,101,1606158.8025210083
1,MANHATTAN VALLEY,Manhattan,171,142,2490357.5029239766
1,HARLEM-EAST,Manhattan,146,125,1901732.6506849315
1,MIDTOWN CBD,Manhattan,143,111,25648513.405594405
1,ALPHABET CITY,Manhattan,134,112,1647564.0895522388
1,EAST VILLAGE,Manhattan,134,94,3064281.850746269
1,SOUTHBRIDGE,Manhattan,133,63,1845929.3383458646
1,HARLEM-UPPER,Manhattan,122,105,1776595.31147541
1,WASHINGTON HEIGHTS LOWER,Manhattan,114,71,2523124.5
1,INWOOD,Manhattan,104,57,2850412.1153846155
1,CHINATOWN,Manhattan,75,75,2044971.4266666668
1,FASHION,Manhattan,68,59,9045630.073529411
1,MORNINGSIDE HEIGHTS,Manhattan,64,16,648537.125
1,ROOSEVELT ISLAND,Manhattan,49,11,923953.1836734693
1,UPPER EAST SIDE (96-110),Manhattan,38,23,2201135.6578947366
1,HARLEM-WEST,Manhattan,35,27,2534455.714285714
1,JAVITS CENTER,Manhattan,29,14,5417197.551724138
1,LITTLE ITALY,Manhattan,28,27,4812677.75
2,RIVERDALE, Bronx,611,194,624864.147299509
2,SOUNDVIEW, Bronx,393,345,776873.7430025445
2,WILLIAMSBRIDGE, Bronx,370,326,510185.64864864864
2,PARKCHESTER, Bronx,352,320,291919.8380681818
2,BAYCHESTER, Bronx,328,298,533207.1554878049
2,THROGS NECK, Bronx,307,265,529361.4495114007
2,MORRISANIA/LONGWOOD, Bronx,293,273,957416.6996587031
2,BRONXDALE, Bronx,265,209,510061.5358490566
2,MORRIS PARK/VAN NEST, Bronx,193,180,582273.0569948186
2,WAKEFIELD, Bronx,174,160,554707.5977011494
2,KINGSBRIDGE/JEROME PARK, Bronx,173,93,946115.7052023121
2,SCHUYLERVILLE/PELHAM BAY, Bronx,170,157,914740.3470588236
2,BEDFORD PARK/NORWOOD, Bronx,166,130,759529.7831325302
2,MELROSE/CONCOURSE, Bronx,165,103,2307547.309090909
2,COUNTRY CLUB, Bronx,137,128,519637.3795620438
2,CASTLE HILL/UNIONPORT, Bronx,129,117,924633.2790697674
2,HIGHBRIDGE/MORRIS HEIGHTS, Bronx,111,92,1847445.8828828828
2,PELHAM PARKWAY NORTH, Bronx,108,103,498188.97222222225
2,KINGSBRIDGE HTS/UNIV HTS, Bronx,108,54,824429.3981481482
2,EAST TREMONT, Bronx,102,87,1248520.2254901961
2,WESTCHESTER, Bronx,101,92,979134.3762376237
2,MOTT HAVEN/PORT MORRIS, Bronx,98,95,1779161.7142857143
2,PELHAM PARKWAY SOUTH, Bronx,84,55,354987.89285714284
2,CITY ISLAND, Bronx,73,73,565465.8082191781
2,WOODLAWN, Bronx,73,49,426541.0273972603
2,FORDHAM, Bronx,70,56,2150199.0857142857
2,BELMONT, Bronx,61,58,1821731.2459016393
2,MOUNT HOPE/MOUNT EDEN, Bronx,61,56,2876831.8032786883
2,BATHGATE, Bronx,58,51,822782.948275862
2,HUNTS POINT, Bronx,48,44,2551973.0208333335
2,PELHAM GARDENS, Bronx,47,46,518688.55319148937
2,CROTONA PARK, Bronx,44,41,713060.1363636364
2,FIELDSTON, Bronx,42,24,927645.5952380953
2,CO-OP CITY, Bronx,4,4,1395000.0
2,VAN CORTLANDT PARK, Bronx,3,1,164966.66666666666
2,EAST RIVER, Bronx,1,1,11200000.0
3,BEDFORD STUYVESANT,Brooklyn,880,825,1261462.7545454546
3,EAST NEW YORK,Brooklyn,687,638,647479.1673944687
3,SHEEPSHEAD BAY,Brooklyn,666,496,772602.6576576576
3,PARK SLOPE,Brooklyn,619,529,1822249.056542811
3,BOROUGH PARK,Brooklyn,610,596,1229059.0508196722
3,BAY RIDGE,Brooklyn,596,403,871507.1275167785
3,FLATBUSH-EAST,Brooklyn,553,479,644239.3309222424
3,CANARSIE,Brooklyn,535,489,617539.9738317757
3,CROWN HEIGHTS,Brooklyn,496,463,1243241.2137096773
3,BUSHWICK,Brooklyn,416,395,1276394.7067307692
3,GRAVESEND,Brooklyn,403,351,845522.4665012407
3,FLATBUSH-CENTRAL,Brooklyn,392,302,1096904.073979592
3,PROSPECT HEIGHTS,Brooklyn,391,328,1153951.1713554987
3,GREENPOINT,Brooklyn,384,372,1504789.234375
3,OCEAN PARKWAY-NORTH,Brooklyn,360,256,1043405.7305555556
3,SUNSET PARK,Brooklyn,359,344,1509602.6490250695
3,WILLIAMSBURG-NORTH,Brooklyn,345,345,2148596.243478261
3,CLINTON HILL,Brooklyn,324,225,1293542.0092592593
3,BROOKLYN HEIGHTS,Brooklyn,324,218,4010202.827160494
3,BENSONHURST,Brooklyn,306,290,1280692.179738562
3,MIDWOOD,Brooklyn,306,239,1141909.5326797385
3,MADISON,Brooklyn,303,274,792348.3828382838
3,WILLIAMSBURG-EAST,Brooklyn,288,283,1674661.045138889
3,OCEAN HILL,Brooklyn,273,255,846457.5457875457
3,MARINE PARK,Brooklyn,273,227,561294.6483516484
3,BRIGHTON BEACH,Brooklyn,262,200,629744.7671755726
3,CYPRESS HILLS,Brooklyn,261,239,567693.2835249042
3,WILLIAMSBURG-SOUTH,Brooklyn,242,230,1959518.429752066
3,FLATBUSH-NORTH,Brooklyn,236,214,744007.2711864407
3,DOWNTOWN-FULTON MALL,Brooklyn,207,187,2090641.111111111
3,OCEAN PARKWAY-SOUTH,Brooklyn,199,156,1093570.417085427
3,DOWNTOWN-FULTON FERRY,Brooklyn,198,193,2156305.595959596
3,BOERUM HILL,Brooklyn,188,180,2465316.005319149
3,CONEY ISLAND,Brooklyn,186,93,653138.2258064516
3,OLD MILL BASIN,Brooklyn,171,143,529583.9824561403
3,DYKER HEIGHTS,Brooklyn,169,167,1069982.3609467456
3,BATH BEACH,Brooklyn,162,143,921299.061728395
3,BROWNSVILLE,Brooklyn,159,146,1015002.5283018867
3,FORT GREENE,Brooklyn,158,108,1740473.2721518988
3,FLATLANDS,Brooklyn,139,113,437864.5179856115
3,PARK SLOPE SOUTH,Brooklyn,135,131,1410896.4
3,WINDSOR TERRACE,Brooklyn,131,98,1156583.3282442747
3,CARROLL GARDENS,Brooklyn,126,123,1961639.5873015872
3,BERGEN BEACH,Brooklyn,124,121,634080.4112903225
3,WILLIAMSBURG-CENTRAL,Brooklyn,115,114,842634.5391304347
3,DOWNTOWN-METROTECH,Brooklyn,115,82,6387415.391304348
3,GOWANUS,Brooklyn,114,105,2629551.850877193
3,KENSINGTON,Brooklyn,113,65,1397955.6017699116
3,FLATBUSH-LEFFERTS GARDEN,Brooklyn,110,87,1444580.3636363635
3,GERRITSEN BEACH,Brooklyn,93,89,424224.10752688174
3,COBBLE HILL,Brooklyn,88,77,1545340.6136363635
3,MILL BASIN,Brooklyn,87,86,916881.4367816092
3,SPRING CREEK,Brooklyn,82,82,503225.23170731706
3,RED HOOK,Brooklyn,64,62,3397042.546875
3,WYCKOFF HEIGHTS,Brooklyn,59,59,1356215.06779661
3,COBBLE HILL-WEST,Brooklyn,50,49,1122629.52
3,SEAGATE,Brooklyn,47,45,719860.085106383
3,MANHATTAN BEACH,Brooklyn,44,42,1280769.5
3,NAVY YARD,Brooklyn,27,27,1641112.9259259258
3,BUSH TERMINAL,Brooklyn,25,24,2909428.4
4,FLUSHING-NORTH,Queens,2340,2013,1055495.967948718
4,FOREST HILLS,Queens,867,357,544034.3148788927
4,BAYSIDE,Queens,853,604,766759.6799531067
4,JACKSON HEIGHTS,Queens,739,429,632067.0595399188
4,FLUSHING-SOUTH,Queens,646,428,567101.9891640866
4,ASTORIA,Queens,572,436,1427266.8444055945
4,REGO PARK,Queens,539,241,766096.9758812616
4,SO. JAMAICA-BAISLEY PARK,Queens,526,467,506624.78707224334
4,RICHMOND HILL,Queens,475,454,632754.6694736842
4,ST. ALBANS,Queens,473,423,409222.71670190274
4,ELMHURST,Queens,461,360,869639.8524945771
4,QUEENS VILLAGE,Queens,449,377,440854.144766147
4,SPRINGFIELD GARDENS,Queens,432,395,511538.5416666667
4,SOUTH JAMAICA,Queens,432,384,446312.4583333333
4,SOUTH OZONE PARK,Queens,418,390,508679.5167464115
4,HOWARD BEACH,Queens,413,298,410845.18644067796
4,CORONA,Queens,407,328,729174.7886977887
4,LONG ISLAND CITY,Queens,398,370,1894345.864321608
4,OZONE PARK,Queens,393,366,681811.3155216285
4,HOLLIS,Queens,338,313,800719.1153846154
4,OAKLAND GARDENS,Queens,327,116,416055.2782874618
4,ROSEDALE,Queens,318,301,732233.1383647799
4,WHITESTONE,Queens,315,243,770720.5777777778
4,MIDDLE VILLAGE,Queens,311,302,748830.4372990354
4,WOODHAVEN,Queens,309,296,598515.9935275081
4,GLEN OAKS,Queens,294,59,416626.85034013604
4,WOODSIDE,Queens,284,145,679142.8556338028
4,COLLEGE POINT,Queens,272,258,949640.9044117647
4,GLENDALE,Queens,270,219,684205.4481481481
4,FAR ROCKAWAY,Queens,266,251,1142671.1165413533
4,MASPETH,Queens,263,244,1266586.9961977187
4,LAURELTON,Queens,260,235,446453.8884615385
4,KEW GARDENS,Queens,254,121,500173.6220472441
4,RIDGEWOOD,Queens,242,234,913338.8388429752
4,DOUGLASTON,Queens,204,140,698156.3235294118
4,LITTLE NECK,Queens,203,112,619962.8472906403
4,JAMAICA,Queens,200,144,798866.61
4,BRIARWOOD,Queens,181,86,391422.86187845306
4,SUNNYSIDE,Queens,180,115,804420.9222222222
4,EAST ELMHURST,Queens,171,163,1261981.7660818712
4,BEECHHURST,Queens,162,84,526598.5679012346
4,ARVERNE,Queens,160,148,421406.5875
4,BELLEROSE,Queens,158,149,599101.411392405
4,CAMBRIA HEIGHTS,Queens,142,124,414522.0
4,FLORAL PARK,Queens,141,127,581989.6524822694
4,HILLCREST,Queens,104,73,459803.70192307694
4,FRESH MEADOWS,Queens,101,81,734006.2376237623
4,JAMAICA ESTATES,Queens,95,91,1004580.4
4,HOLLISWOOD,Queens,92,43,756071.3586956522
4,BREEZY POINT,Queens,84,3,471785.71428571426
4,BELLE HARBOR,Queens,77,71,845704.1298701299
4,ROCKAWAY PARK,Queens,77,64,417615.85714285716
4,HAMMELS,Queens,74,71,521712.08108108107
4,JAMAICA HILLS,Queens,67,55,608244.7462686567
4,HOLLIS HILLS,Queens,47,31,658917.0212765958
4,BROAD CHANNEL,Queens,33,33,306596.42424242425
4,NEPONSIT,Queens,20,20,1126388.0
4,FLUSHING MEADOW PARK,Queens,14,6,385930.0
4,JAMAICA BAY,Queens,12,11,347318.6666666667
4,AIRPORT LA GUARDIA,Queens,8,6,783375.0
5,GREAT KILLS,Staten Island,633,607,518986.6350710901
5,NEW SPRINGVILLE,Staten Island,384,372,474098.5260416667
5,BULLS HEAD,Staten Island,299,292,454230.0468227425
5,ELTINGVILLE,Staten Island,282,274,540472.6702127659
5,ARDEN HEIGHTS,Staten Island,276,265,412544.6376811594
5,MIDLAND BEACH,Staten Island,264,250,399836.26515151514
5,WEST NEW BRIGHTON,Staten Island,255,247,432497.30980392155
5,MARINERS HARBOR,Staten Island,209,199,357195.82296650717
5,PORT RICHMOND,Staten Island,204,195,425600.9117647059
5,WESTERLEIGH,Staten Island,195,192,525159.3128205128
5,NEW BRIGHTON,Staten Island,189,167,424386.51322751323
5,TOTTENVILLE,Staten Island,188,184,723133.7659574468
5,SOUTH BEACH,Staten Island,182,176,528086.8681318681
5,ROSEBANK,Staten Island,159,141,474190.6666666667
5,WILLOWBROOK,Staten Island,154,150,592568.3441558442
5,ROSSVILLE,Staten Island,150,144,544867.1133333333
5,NEW DORP,Staten Island,147,140,532944.7006802721
5,GRANT CITY,Staten Island,142,131,477421.0
5,PRINCES BAY,Staten Island,125,125,740997.216
5,ANNADALE,Staten Island,124,121,655127.4758064516
5,WOODROW,Staten Island,122,120,561496.393442623
5,CASTLETON CORNERS,Staten Island,121,121,562211.4132231405
5,MANOR HEIGHTS,Staten Island,109,108,588556.1100917432
5,HUGUENOT,Staten Island,107,102,697563.0186915888
5,NEW DORP-BEACH,Staten Island,103,99,366883.01941747573
5,CONCORD,Staten Island,88,84,377541.86363636365
5,STAPLETON,Staten Island,84,79,505243.9285714286
5,GRASMERE,Staten Island,80,78,572076.8625
5,NEW DORP-HEIGHTS,Staten Island,79,77,651256.1392405063
5,DONGAN HILLS,Staten Island,79,75,581653.4683544304
5,CLOVE LAKES,Staten Island,77,63,508090.5324675325
5,TRAVIS,Staten Island,74,73,791802.1351351351
5,GRYMES HILL,Staten Island,69,55,404031.6956521739
5,RICHMONDTOWN,Staten Island,63,60,746229.619047619
5,OAKWOOD-BEACH,Staten Island,61,59,506543.18032786885
5,SILVER LAKE,Staten Island,54,52,533193.5185185185
5,GREAT KILLS-BAY TERRACE,Staten Island,53,46,510111.7924528302
5,PLEASANT PLAINS,Staten Island,48,46,695360.3125
5,STAPLETON-CLIFTON,Staten Island,48,46,406191.5
5,DONGAN HILLS-COLONY,Staten Island,48,45,754828.875
5,PORT IVORY,Staten Island,46,42,348272.02173913043
5,TOMPKINSVILLE,Staten Island,43,42,373948.83720930235
5,ROSSVILLE-CHARLESTON,Staten Island,40,39,563494.7
5,SUNNYSIDE,Staten Island,38,38,529588.8157894737
5,TODT HILL,Staten Island,37,32,1205548.5675675676
5,OAKWOOD,Staten Island,34,32,587088.8529411765
5,LIVINGSTON,Staten Island,32,28,487926.21875
5,ARROCHAR,Staten Island,31,31,604668.1290322581
5,CONCORD-FOX HILLS,Staten Island,28,26,325050.25
5,NEW BRIGHTON-ST. GEORGE,Staten Island,28,19,795910.7142857143
5,ARROCHAR-SHORE ACRES,Staten Island,19,17,444210.5263157895
5,EMERSON HILL,Staten Island,16,16,802562.5
5,ROSSVILLE-RICHMOND VALLEY,Staten Island,9,9,654322.2222222222
5,RICHMONDTOWN-LIGHTHS HILL,Staten Island,9,9,646200.0
5,BLOOMFIELD,Staten Island,7,7,16334435.714285715
5,ROSSVILLE-PORT MOBIL,Staten Island,5,5,3262350.0
5,DONGAN HILLS-OLD TOWN,Staten Island,5,5,326200.0
5,FRESH KILLS,Staten Island,1,1,328536.0
