borough_id,nbhd,name,transaction_volume,property_count,average_sale_price
1,MIDTOWN WEST,Manhattan,3688,877,1645497.3457158352
1,UPPER EAST SIDE (59-79),Manhattan,1742,870,2406067.1486796783
1,UPPER WEST SIDE (59-79),Manhattan,1532,879,2140899.6161879897
1,UPPER EAST SIDE (79-96),Manhattan,1399,756,2323076.0550393136
1,MIDTOWN EAST,Manhattan,967,420,1340503.4850051706
1,CHELSEA,Manhattan,811,604,3059139.499383477
1,UPPER WEST SIDE (79-96),Manhattan,772,429,1830317.041450777
1,HARLEM-CENTRAL,Manhattan,724,609,1135993.549723757
1,GREENWICH VILLAGE-CENTRAL,Manhattan,568,245,2034355.1830985916
1,GREENWICH VILLAGE-WEST,Manhattan,565,354,3155200.6955752214
1,MURRAY HILL,Manhattan,556,318,2778951.205035971
1,TRIBECA,Manhattan,477,441,3145045.870020964
1,GRAMERCY,Manhattan,471,210,1451012.974522293
1,FINANCIAL,Manhattan,400,382,4131570.2225
1,UPPER WEST SIDE (96-116),Manhattan,399,229,2540708.997493734
1,FLATIRON,Manhattan,325,223,5370907.353846154
1,LOWER EAST SIDE,Manhattan,313,150,1651763.1533546327
1,SOHO,Manhattan,286,236,10314250.132867133
1,CLINTON,Manhattan,251,219,2413887.06374502
1,WASHINGTON HEIGHTS UPPER,Manhattan,222,92,935938.6576576576
1,KIPS BAY,Manhattan,212,164,1355850.108490566
1,CIVIC CENTER,Manhattan,211,194,2907999.113744076
1,MANHATTAN VALLEY,Manhattan,196,163,2360492.2653061226
1,HARLEM-EAST,Manhattan,191,127,984059.6858638744
1,FASHION,Manhattan,172,148,9371587.877906976
1,EAST VILLAGE,Manhattan,160,119,2199274.4125
1,WASHINGTON HEIGHTS LOWER,Manhattan,146,106,2814629.006849315
1,MIDTOWN CBD,Manhattan,145,112,13776525.83448276
1,HARLEM-UPPER,Manhattan,135,126,1674153.3333333333
1,UPPER EAST SIDE (96-110),Manhattan,121,97,1812696.5950413223
1,CHINATOWN,Manhattan,99,98,2866607.585858586
1,INWOOD,Manhattan,89,55,1298752.6629213484
1,ALPHABET CITY,Manhattan,85,72,1761290.5647058825
1,MORNINGSIDE HEIGHTS,Manhattan,63,15,541069.1587301587
1,SOUTHBRIDGE,Manhattan,54,52,19277903.722222224
1,LITTLE ITALY,Manhattan,44,39,5491140.613636363
1,HARLEM-WEST,Manhattan,39,35,3361161.1794871795
1,JAVITS CENTER,Manhattan,27,14,4583549.407407408
1,MANHATTAN-UNKNOWN,Manhattan,1,1,26893000.0
2,RIVERDALE, Bronx,389,162,398902.60154241644
2,MORRISANIA/LONGWOOD, Bronx,263,157,1190872.6958174906
2,PARKCHESTER, Bronx,213,197,171819.92018779344
2,BAYCHESTER, Bronx,190,165,663296.7578947368
2,WILLIAMSBRIDGE, Bronx,183,170,578115.6120218579
2,SOUNDVIEW, Bronx,177,161,433389.0508474576
2,THROGS NECK, Bronx,136,133,378227.17647058825
2,SCHUYLERVILLE/PELHAM BAY, Bronx,131,114,623092.4503816793
2,MORRIS PARK/VAN NEST, Bronx,120,110,482452.4583333333
2,KINGSBRIDGE/JEROME PARK, Bronx,119,75,600098.1932773109
2,BRONXDALE, Bronx,112,95,544335.3035714285
2,BEDFORD PARK/NORWOOD, Bronx,109,93,1294892.5963302753
2,HIGHBRIDGE/MORRIS HEIGHTS, Bronx,105,76,2240990.2952380953
2,MELROSE/CONCOURSE, Bronx,101,77,1038576.1683168317
2,WAKEFIELD, Bronx,96,89,507491.5
2,MOTT HAVEN/PORT MORRIS, Bronx,76,64,2706320.75
2,PELHAM PARKWAY NORTH, Bronx,74,72,416625.85135135136
2,WESTCHESTER, Bronx,68,66,624417.6176470588
2,COUNTRY CLUB, Bronx,67,64,411553.6567164179
2,CASTLE HILL/UNIONPORT, Bronx,67,60,871827.5373134328
2,EAST TREMONT, Bronx,67,59,504825.4029850746
2,KINGSBRIDGE HTS/UNIV HTS, Bronx,66,37,1086206.7727272727
2,FORDHAM, Bronx,56,49,1660696.142857143
2,MOUNT HOPE/MOUNT EDEN, Bronx,54,47,1955761.1851851852
2,PELHAM PARKWAY SOUTH, Bronx,53,44,1944318.6226415094
2,BELMONT, Bronx,47,46,1562039.085106383
2,CITY ISLAND, Bronx,40,37,337082.475
2,WOODLAWN, Bronx,40,32,320540.425
2,PELHAM GARDENS, Bronx,30,30,840006.0666666667
2,FIELDSTON, Bronx,30,26,972839.8666666667
2,HUNTS POINT, Bronx,27,24,1630254.4814814816
2,BATHGATE, Bronx,24,24,1066326.6666666667
2,CROTONA PARK, Bronx,24,23,1074615.0833333333
2,VAN CORTLANDT PARK, Bronx,4,1,179687.5
2,CO-OP CITY, Bronx,3,3,290816.6666666667
2,BRONX PARK, Bronx,2,2,1003750.0
2,BRONX-UNKNOWN, Bronx,1,1,2060000.0
2,CITY ISLAND-PELHAM STRIP, Bronx,1,1,635000.0
3,BEDFORD STUYVESANT,Brooklyn,1016,947,600513.1791338583
3,PARK SLOPE,Brooklyn,565,462,1127010.5380530974
3,BUSHWICK,Brooklyn,543,500,504507.3535911602
3,CROWN HEIGHTS,Brooklyn,521,476,725523.3531669866
3,BOROUGH PARK,Brooklyn,508,497,766320.4724409449
3,BAY RIDGE,Brooklyn,508,374,639059.6751968504
3,EAST NEW YORK,Brooklyn,482,454,346031.9460580913
3,WILLIAMSBURG-NORTH,Brooklyn,475,471,1837639.6315789474
3,SUNSET PARK,Brooklyn,423,402,740309.0591016548
3,SHEEPSHEAD BAY,Brooklyn,387,279,394435.677002584
3,GREENPOINT,Brooklyn,359,357,941808.1169916434
3,GRAVESEND,Brooklyn,348,334,610784.2873563218
3,BROOKLYN HEIGHTS,Brooklyn,346,190,1703092.583815029
3,CANARSIE,Brooklyn,329,307,786642.6048632219
3,FLATBUSH-EAST,Brooklyn,323,297,504297.3250773994
3,FLATBUSH-CENTRAL,Brooklyn,320,262,960705.796875
3,WILLIAMSBURG-EAST,Brooklyn,299,293,1079994.3578595319
3,OCEAN PARKWAY-NORTH,Brooklyn,287,222,715035.6655052265
3,BENSONHURST,Brooklyn,284,279,775366.3556338028
3,CLINTON HILL,Brooklyn,272,180,978084.5514705882
3,MIDWOOD,Brooklyn,259,216,789641.7065637065
3,OCEAN HILL,Brooklyn,254,232,472613.85039370076
3,PROSPECT HEIGHTS,Brooklyn,235,151,864210.1787234043
3,DOWNTOWN-FULTON FERRY,Brooklyn,231,229,1300975.0
3,DOWNTOWN-METROTECH,Brooklyn,219,188,853229.5114155251
3,CYPRESS HILLS,Brooklyn,209,182,553536.971291866
3,MADISON,Brooklyn,201,169,765735.6069651741
3,OCEAN PARKWAY-SOUTH,Brooklyn,194,150,719527.5360824743
3,MARINE PARK,Brooklyn,193,165,451479.10880829016
3,DYKER HEIGHTS,Brooklyn,188,186,672804.2925531915
3,FLATBUSH-NORTH,Brooklyn,174,140,656511.908045977
3,BRIGHTON BEACH,Brooklyn,168,113,577238.6964285715
3,BATH BEACH,Brooklyn,163,150,655984.0306748466
3,FORT GREENE,Brooklyn,161,111,922796.9378881988
3,PARK SLOPE SOUTH,Brooklyn,156,152,845195.141025641
3,WILLIAMSBURG-SOUTH,Brooklyn,153,143,2328850.098039216
3,CARROLL GARDENS,Brooklyn,152,145,1336680.769736842
3,GOWANUS,Brooklyn,147,145,1180144.0136054421
3,BOERUM HILL,Brooklyn,129,122,1427219.534883721
3,WINDSOR TERRACE,Brooklyn,128,92,684391.5078125
3,COBBLE HILL,Brooklyn,127,104,1170473.598425197
3,WILLIAMSBURG-CENTRAL,Brooklyn,122,116,551690.7131147541
3,OLD MILL BASIN,Brooklyn,117,110,379604.13675213675
3,CONEY ISLAND,Brooklyn,114,59,374295.5438596491
3,FLATBUSH-LEFFERTS GARDEN,Brooklyn,105,94,711639.0380952382
3,KENSINGTON,Brooklyn,95,64,702216.9789473685
3,BROWNSVILLE,Brooklyn,90,88,468750.4
3,FLATLANDS,Brooklyn,88,71,441253.5227272727
3,GERRITSEN BEACH,Brooklyn,63,60,341929.5396825397
3,DOWNTOWN-FULTON MALL,Brooklyn,63,41,2893854.3174603176
3,WYCKOFF HEIGHTS,Brooklyn,56,54,529358.3928571428
3,RED HOOK,Brooklyn,56,53,1213213.2857142857
3,BERGEN BEACH,Brooklyn,55,55,525090.3090909091
3,COBBLE HILL-WEST,Brooklyn,54,54,893357.4629629629
3,MILL BASIN,Brooklyn,41,41,7447012.195121951
3,MANHATTAN BEACH,Brooklyn,38,38,1067334.3684210526
3,SPRING CREEK,Brooklyn,27,27,416479.4074074074
3,SEAGATE,Brooklyn,21,21,541895.9047619047
3,BUSH TERMINAL,Brooklyn,20,20,818840.0
3,NAVY YARD,Brooklyn,18,18,1059655.4444444445
3,BROOKLYN-UNKNOWN,Brooklyn,1,1,260000.0
4,FLUSHING-NORTH,Queens,1576,1270,553165.0387055838
4,FOREST HILLS,Queens,721,334,483186.1151178918
4,BAYSIDE,Queens,648,480,533065.5462962963
4,ASTORIA,Queens,615,494,777273.281300813
4,JACKSON HEIGHTS,Queens,574,383,381494.95644599304
4,FLUSHING-SOUTH,Queens,476,322,392185.0714285714
4,LONG ISLAND CITY,Queens,473,442,2741264.4841437633
4,ELMHURST,Queens,452,366,533801.7013274336
4,REGO PARK,Queens,389,192,379385.15424164524
4,SO. JAMAICA-BAISLEY PARK,Queens,376,324,326541.91489361704
4,ST. ALBANS,Queens,355,305,318892.2309859155
4,RICHMOND HILL,Queens,351,333,424700.8376068376
4,QUEENS VILLAGE,Queens,328,272,351898.5731707317
4,CORONA,Queens,324,286,532564.1203703703
4,SOUTH JAMAICA,Queens,306,269,291481.2450980392
4,HOWARD BEACH,Queens,280,198,315070.42142857146
4,WOODSIDE,Queens,276,163,443852.07608695654
4,SPRINGFIELD GARDENS,Queens,269,238,582092.063197026
4,OAKLAND GARDENS,Queens,261,121,343075.1264367816
4,GLEN OAKS,Queens,260,50,352790.8807692308
4,SOUTH OZONE PARK,Queens,249,232,362549.7269076305
4,MASPETH,Queens,246,223,816952.174796748
4,MIDDLE VILLAGE,Queens,244,239,535674.5204918033
4,RIDGEWOOD,Queens,237,227,675317.05907173
4,HOLLIS,Queens,237,219,379790.5105485232
4,OZONE PARK,Queens,230,221,622549.8739130435
4,COLLEGE POINT,Queens,228,225,578394.8596491228
4,ROSEDALE,Queens,219,203,431723.61187214614
4,GLENDALE,Queens,216,176,436252.31944444444
4,WOODHAVEN,Queens,209,197,418168.995215311
4,WHITESTONE,Queens,201,160,612581.7363184079
4,KEW GARDENS,Queens,192,103,306839.4375
4,JAMAICA,Queens,186,147,1079127.2419354839
4,LAURELTON,Queens,180,156,344890.2611111111
4,LITTLE NECK,Queens,154,93,459359.5974025974
4,FAR ROCKAWAY,Queens,145,138,562045.3103448276
4,EAST ELMHURST,Queens,139,129,556051.417266187
4,SUNNYSIDE,Queens,139,94,590898.834532374
4,DOUGLASTON,Queens,136,91,521712.9338235294
4,FLORAL PARK,Queens,130,116,442120.55384615384
4,ARVERNE,Queens,119,114,1379589.6638655462
4,BELLEROSE,Queens,113,113,444221.14159292035
4,BRIARWOOD,Queens,108,67,313721.1388888889
4,BEECHHURST,Queens,106,74,494012.2641509434
4,FRESH MEADOWS,Queens,95,86,542656.2842105263
4,CAMBRIA HEIGHTS,Queens,83,75,341797.5180722892
4,ROCKAWAY PARK,Queens,62,59,375984.0967741936
4,HOLLISWOOD,Queens,58,36,369453.2931034483
4,JAMAICA ESTATES,Queens,55,54,844556.1272727273
4,HOLLIS HILLS,Queens,50,42,586439.04
4,JAMAICA HILLS,Queens,47,46,577222.2765957447
4,BELLE HARBOR,Queens,46,44,675665.8695652174
4,HILLCREST,Queens,44,34,320691.9090909091
4,HAMMELS,Queens,43,41,326461.27906976745
4,NEPONSIT,Queens,17,17,1126588.2352941176
4,FLUSHING MEADOW PARK,Queens,15,5,257878.66666666666
4,BROAD CHANNEL,Queens,11,11,262769.7272727273
4,JAMAICA BAY,Queens,9,9,425788.0
4,AIRPORT LA GUARDIA,Queens,3,3,385000.0
5,GREAT KILLS,Staten Island,318,306,412308.75157232705
5,NEW SPRINGVILLE,Staten Island,217,214,320609.88940092165
5,ELTINGVILLE,Staten Island,159,157,446124.8616352201
5,ARDEN HEIGHTS,Staten Island,141,140,357478.24113475176
5,BULLS HEAD,Staten Island,126,120,440604.2380952381
5,WEST NEW BRIGHTON,Staten Island,121,116,404460.6694214876
5,TOTTENVILLE,Staten Island,116,115,528263.6034482758
5,NEW BRIGHTON,Staten Island,112,91,255386.58035714287
5,WESTERLEIGH,Staten Island,106,104,384009.0
5,ROSEBANK,Staten Island,105,98,323388.5333333333
5,ANNADALE,Staten Island,98,98,589646.1020408163
5,MIDLAND BEACH,Staten Island,97,95,390705.8144329897
5,WOODROW,Staten Island,92,91,565384.8152173914
5,WILLOWBROOK,Staten Island,89,88,509207.65168539324
5,NEW DORP,Staten Island,87,86,470692.2988505747
5,CASTLETON CORNERS,Staten Island,87,86,407945.9425287356
5,SOUTH BEACH,Staten Island,85,84,427934.6352941177
5,PRINCES BAY,Staten Island,79,79,649698.1265822785
5,MARINERS HARBOR,Staten Island,79,76,332290.746835443
5,PORT RICHMOND,Staten Island,77,76,285316.7012987013
5,ROSSVILLE,Staten Island,72,72,462953.5
5,CLOVE LAKES,Staten Island,66,46,359061.1666666667
5,GRANT CITY,Staten Island,58,52,375775.8620689655
5,HUGUENOT,Staten Island,57,57,586160.4210526316
5,MANOR HEIGHTS,Staten Island,54,54,448952.9074074074
5,DONGAN HILLS,Staten Island,48,43,394571.0208333333
5,TRAVIS,Staten Island,44,44,380614.8409090909
5,CONCORD,Staten Island,43,41,245395.11627906977
5,ROSSVILLE-CHARLESTON,Staten Island,42,41,594838.4523809524
5,RICHMONDTOWN,Staten Island,38,38,564691.3421052631
5,GREAT KILLS-BAY TERRACE,Staten Island,37,32,323678.3783783784
5,STAPLETON,Staten Island,35,35,711870.8571428572
5,PLEASANT PLAINS,Staten Island,35,35,691502.6571428571
5,SILVER LAKE,Staten Island,35,34,590766.5428571429
5,SUNNYSIDE,Staten Island,32,32,491335.09375
5,GRASMERE,Staten Island,32,32,481627.46875
5,TODT HILL,Staten Island,30,29,1369573.6
5,NEW DORP-HEIGHTS,Staten Island,29,29,682500.0
5,NEW DORP-BEACH,Staten Island,28,27,287059.10714285716
5,NEW BRIGHTON-ST. GEORGE,Staten Island,28,26,312699.78571428574
5,TOMPKINSVILLE,Staten Island,28,26,225798.5357142857
5,GRYMES HILL,Staten Island,28,24,322859.46428571426
5,DONGAN HILLS-COLONY,Staten Island,26,26,603371.5384615385
5,OAKWOOD,Staten Island,23,23,419033.347826087
5,LIVINGSTON,Staten Island,23,21,305517.347826087
5,OAKWOOD-BEACH,Staten Island,22,22,371360.36363636365
5,PORT IVORY,Staten Island,14,12,271871.4285714286
5,EMERSON HILL,Staten Island,11,11,838409.0909090909
5,ARROCHAR-SHORE ACRES,Staten Island,11,10,347442.7272727273
5,STAPLETON-CLIFTON,Staten Island,11,10,226477.45454545456
5,ARROCHAR,Staten Island,9,9,406936.1111111111
5,RICHMONDTOWN-LIGHTHS HILL,Staten Island,6,6,511724.8333333333
5,CONCORD-FOX HILLS,Staten Island,6,6,282483.3333333333
5,ROSSVILLE-PORT MOBIL,Staten Island,4,4,957500.0
5,ROSSVILLE-RICHMOND VALLEY,Staten Island,3,3,1887666.6666666667
5,DONGAN HILLS-OLD TOWN,Staten Island,2,2,243500.0
5,STATEN ISLAND-UNKNOWN,Staten Island,1,1,1240000.0
5,BLOOMFIELD,Staten Island,1,1,415000.0
5,FRESH KILLS,Staten Island,1,1,119036.0
