borough_id,nbhd,name,transaction_volume,property_count,average_sale_price
1,MIDTOWN WEST,Manhattan,4656,1479,2447073.015678694
1,UPPER EAST SIDE (59-79),Manhattan,1943,968,1985969.5764282038
1,UPPER WEST SIDE (59-79),Manhattan,1896,1061,1439966.9546413503
1,UPPER EAST SIDE (79-96),Manhattan,1645,872,1611101.0541033435
1,MIDTOWN EAST,Manhattan,1225,562,1799227.2930612245
1,CHELSEA,Manhattan,1082,835,1535694.9297597043
1,UPPER WEST SIDE (79-96),Manhattan,910,465,1578113.5340659341
1,FINANCIAL,Manhattan,843,792,1711471.3060498221
1,GREENWICH VILLAGE-WEST,Manhattan,818,319,1677853.9828850855
1,MURRAY HILL,Manhattan,718,433,2524541.128133705
1,HARLEM-CENTRAL,Manhattan,541,461,1191733.2421441774
1,GREENWICH VILLAGE-CENTRAL,Manhattan,510,182,1624476.7960784314
1,GRAMERCY,Manhattan,426,165,2293911.659624413
1,FLATIRON,Manhattan,420,233,2372158.630952381
1,UPPER WEST SIDE (96-116),Manhattan,416,209,1558488.8197115385
1,LOWER EAST SIDE,Manhattan,405,233,927168.9654320987
1,TRIBECA,Manhattan,360,339,2421487.561111111
1,HARLEM-EAST,Manhattan,357,117,1189627.4761904762
1,WASHINGTON HEIGHTS UPPER,Manhattan,335,88,936906.3492537313
1,SOHO,Manhattan,330,285,2992705.3212121213
1,MIDTOWN CBD,Manhattan,326,193,19003606.82822086
1,CLINTON,Manhattan,278,224,1440278.1330935252
1,KIPS BAY,Manhattan,268,174,21164321.67164179
1,MANHATTAN VALLEY,Manhattan,237,208,1061696.2151898735
1,WASHINGTON HEIGHTS LOWER,Manhattan,192,87,1810132.3333333333
1,FASHION,Manhattan,191,157,9228789.146596858
1,EAST VILLAGE,Manhattan,159,113,1610734.9308176101
1,INWOOD,Manhattan,142,61,974446.3873239437
1,ALPHABET CITY,Manhattan,135,97,1065476.325925926
1,HARLEM-UPPER,Manhattan,117,97,1572377.5982905983
1,CHINATOWN,Manhattan,113,112,2301737.5840707966
1,MORNINGSIDE HEIGHTS,Manhattan,98,31,1063180.775510204
1,CIVIC CENTER,Manhattan,83,52,6105905.072289157
1,HARLEM-WEST,Manhattan,67,59,1224770.4179104478
1,UPPER EAST SIDE (96-110),Manhattan,58,27,1912537.8103448276
1,JAVITS CENTER,Manhattan,42,15,5177346.761904762
1,LITTLE ITALY,Manhattan,37,30,2594825.3243243243
1,SOUTHBRIDGE,Manhattan,25,25,3446631.28
1,MANHATTAN-UNKNOWN,Manhattan,3,3,6363220.0
2,PARKCHESTER, Bronx,760,685,209686.48815789472
2,WILLIAMSBRIDGE, Bronx,567,511,445289.5167548501
2,RIVERDALE, Bronx,547,173,363930.7038391225
2,SOUNDVIEW, Bronx,490,473,549917.4387755102
2,BAYCHESTER, Bronx,490,453,521617.77142857143
2,MORRISANIA/LONGWOOD, Bronx,422,400,615193.5971563981
2,BRONXDALE, Bronx,369,302,489747.35501355014
2,KINGSBRIDGE/JEROME PARK, Bronx,310,162,618406.4483870968
2,THROGS NECK, Bronx,274,268,522357.53649635037
2,BEDFORD PARK/NORWOOD, Bronx,270,188,808756.0666666667
2,WAKEFIELD, Bronx,255,228,423395.96078431373
2,MORRIS PARK/VAN NEST, Bronx,243,217,582328.5061728396
2,MELROSE/CONCOURSE, Bronx,243,164,723280.8930041152
2,SCHUYLERVILLE/PELHAM BAY, Bronx,223,196,517749.49775784754
2,CASTLE HILL/UNIONPORT, Bronx,199,183,489205.90452261304
2,HIGHBRIDGE/MORRIS HEIGHTS, Bronx,194,169,899347.087628866
2,COUNTRY CLUB, Bronx,185,168,508187.5675675676
2,WESTCHESTER, Bronx,175,164,579928.3942857143
2,KINGSBRIDGE HTS/UNIV HTS, Bronx,162,100,715589.8456790124
2,EAST TREMONT, Bronx,143,134,606054.8321678322
2,PELHAM PARKWAY SOUTH, Bronx,127,73,539675.1338582677
2,BELMONT, Bronx,123,117,780968.9024390244
2,MOTT HAVEN/PORT MORRIS, Bronx,122,116,920023.6639344263
2,PELHAM PARKWAY NORTH, Bronx,106,99,490587.42452830187
2,BATHGATE, Bronx,106,95,607989.1603773584
2,FORDHAM, Bronx,95,85,1214655.0210526315
2,HUNTS POINT, Bronx,76,70,855182.7368421053
2,WOODLAWN, Bronx,73,59,427225.05479452055
2,MOUNT HOPE/MOUNT EDEN, Bronx,72,67,1177399.75
2,CROTONA PARK, Bronx,63,59,1421247.3015873015
2,FIELDSTON, Bronx,48,29,938212.875
2,CITY ISLAND, Bronx,45,45,531370.4222222222
2,PELHAM GARDENS, Bronx,45,43,502143.44444444444
2,BRONX PARK, Bronx,4,3,724500.0
2,CO-OP CITY, Bronx,4,3,532500.0
2,VAN CORTLANDT PARK, Bronx,3,1,238666.66666666666
2,CITY ISLAND-PELHAM STRIP, Bronx,1,1,20000.0
3,BEDFORD STUYVESANT,Brooklyn,1603,1472,578183.4398003743
3,EAST NEW YORK,Brooklyn,1473,1327,520022.7739307536
3,BUSHWICK,Brooklyn,986,878,549171.6744421907
3,CANARSIE,Brooklyn,932,883,495346.71566523606
3,FLATBUSH-EAST,Brooklyn,842,737,543750.4893111639
3,CROWN HEIGHTS,Brooklyn,743,678,741265.6487213997
3,BAY RIDGE,Brooklyn,733,457,671917.2824010914
3,BOROUGH PARK,Brooklyn,651,631,770311.7250384025
3,PARK SLOPE,Brooklyn,622,480,971864.6672025723
3,SHEEPSHEAD BAY,Brooklyn,607,411,508738.784184514
3,OCEAN HILL,Brooklyn,584,520,506779.2431506849
3,FLATBUSH-CENTRAL,Brooklyn,546,384,1019892.401098901
3,GRAVESEND,Brooklyn,501,463,571328.5768463074
3,CYPRESS HILLS,Brooklyn,492,449,519268.48983739835
3,FLATBUSH-NORTH,Brooklyn,445,386,705941.3483146067
3,SUNSET PARK,Brooklyn,439,416,744807.6993166287
3,OCEAN PARKWAY-NORTH,Brooklyn,437,291,704223.118993135
3,BRIGHTON BEACH,Brooklyn,420,288,597305.4476190476
3,BENSONHURST,Brooklyn,396,365,699456.2929292929
3,MADISON,Brooklyn,353,282,483732.93201133143
3,MIDWOOD,Brooklyn,348,247,754660.8879310344
3,BROOKLYN HEIGHTS,Brooklyn,346,158,1294845.1705202311
3,WILLIAMSBURG-SOUTH,Brooklyn,342,335,958335.6988304093
3,FLATLANDS,Brooklyn,303,212,399563.57425742573
3,WILLIAMSBURG-CENTRAL,Brooklyn,300,296,471212.82666666666
3,OLD MILL BASIN,Brooklyn,294,248,418302.4013605442
3,MARINE PARK,Brooklyn,291,252,497934.05498281785
3,PROSPECT HEIGHTS,Brooklyn,282,190,1044387.7872340425
3,BROWNSVILLE,Brooklyn,276,257,554567.6811594203
3,WILLIAMSBURG-EAST,Brooklyn,275,256,937648.7272727273
3,GREENPOINT,Brooklyn,258,245,1405417.992248062
3,CLINTON HILL,Brooklyn,239,134,871611.4225941423
3,DOWNTOWN-FULTON FERRY,Brooklyn,232,228,1452940.6681034483
3,OCEAN PARKWAY-SOUTH,Brooklyn,232,159,830673.400862069
3,DYKER HEIGHTS,Brooklyn,218,216,669170.4449541285
3,BATH BEACH,Brooklyn,204,175,636429.0735294118
3,FORT GREENE,Brooklyn,177,123,941864.1751412429
3,BERGEN BEACH,Brooklyn,163,154,603636.8834355829
3,WINDSOR TERRACE,Brooklyn,162,119,646948.7283950617
3,CARROLL GARDENS,Brooklyn,160,152,942069.75625
3,WYCKOFF HEIGHTS,Brooklyn,149,143,594468.5637583892
3,KENSINGTON,Brooklyn,140,70,646686.1571428571
3,FLATBUSH-LEFFERTS GARDEN,Brooklyn,137,107,952133.3284671532
3,PARK SLOPE SOUTH,Brooklyn,136,126,880453.4485294118
3,CONEY ISLAND,Brooklyn,107,105,2171009.813084112
3,BOERUM HILL,Brooklyn,104,97,1131671.9326923077
3,WILLIAMSBURG-NORTH,Brooklyn,102,102,2340707.8725490198
3,COBBLE HILL,Brooklyn,87,62,940705.2413793104
3,GOWANUS,Brooklyn,84,81,1220971.761904762
3,COBBLE HILL-WEST,Brooklyn,82,82,761953.756097561
3,GERRITSEN BEACH,Brooklyn,78,76,444350.76923076925
3,MILL BASIN,Brooklyn,76,74,864950.9605263158
3,DOWNTOWN-METROTECH,Brooklyn,70,16,2182885.5714285714
3,RED HOOK,Brooklyn,50,48,1119603.26
3,DOWNTOWN-FULTON MALL,Brooklyn,44,25,2615053.8636363638
3,BUSH TERMINAL,Brooklyn,38,36,2479962.5
3,MANHATTAN BEACH,Brooklyn,38,36,969894.3947368421
3,SEAGATE,Brooklyn,33,33,682601.3939393939
3,NAVY YARD,Brooklyn,11,10,1356183.7272727273
3,3004.0,Brooklyn,2,2,340704.0
3,BROOKLYN-UNKNOWN,Brooklyn,2,2,250000.0
3,SPRING CREEK,Brooklyn,1,1,117.0
4,FLUSHING-NORTH,Queens,2052,1460,608310.2587719298
4,JACKSON HEIGHTS,Queens,1065,644,521980.48169014085
4,FOREST HILLS,Queens,1035,398,474042.1961352657
4,RICHMOND HILL,Queens,982,916,576576.8421588595
4,SOUTH JAMAICA,Queens,943,830,460520.36479321314
4,SO. JAMAICA-BAISLEY PARK,Queens,928,819,468268.317887931
4,ELMHURST,Queens,900,662,618863.4411111111
4,BAYSIDE,Queens,839,625,590501.6126340881
4,CORONA,Queens,809,683,674439.4042027195
4,REGO PARK,Queens,775,298,394484.2077419355
4,FLUSHING-SOUTH,Queens,766,429,423982.6462140992
4,ST. ALBANS,Queens,763,690,449331.7601572739
4,SOUTH OZONE PARK,Queens,754,699,513077.9854111406
4,SPRINGFIELD GARDENS,Queens,754,696,583990.1790450928
4,ASTORIA,Queens,698,573,793736.5085959885
4,QUEENS VILLAGE,Queens,692,619,473316.6445086705
4,ROSEDALE,Queens,610,579,508466.8229508197
4,OZONE PARK,Queens,600,567,517793.55
4,HOLLIS,Queens,529,487,486252.0888468809
4,WOODHAVEN,Queens,513,491,558484.754385965
4,FAR ROCKAWAY,Queens,488,429,703721.2090163934
4,KEW GARDENS,Queens,404,192,434337.9306930693
4,LAURELTON,Queens,402,348,435732.2835820895
4,HOWARD BEACH,Queens,401,298,398426.4314214464
4,WOODSIDE,Queens,398,231,610560.1231155779
4,OAKLAND GARDENS,Queens,396,141,346282.952020202
4,MASPETH,Queens,393,364,730415.7989821883
4,ARVERNE,Queens,382,348,448708.5340314136
4,RIDGEWOOD,Queens,378,366,670719.4444444445
4,JAMAICA,Queens,373,237,701365.4209115282
4,GLENDALE,Queens,367,328,555064.659400545
4,COLLEGE POINT,Queens,347,341,739735.1873198848
4,MIDDLE VILLAGE,Queens,327,312,538617.4403669725
4,WHITESTONE,Queens,313,243,719510.3833865814
4,EAST ELMHURST,Queens,312,288,665500.2435897436
4,SUNNYSIDE,Queens,285,171,768267.849122807
4,GLEN OAKS,Queens,281,50,372902.2099644128
4,HAMMELS,Queens,269,256,355691.970260223
4,LITTLE NECK,Queens,244,152,558941.2090163934
4,BRIARWOOD,Queens,224,70,265677.96428571426
4,LONG ISLAND CITY,Queens,198,170,2362431.868686869
4,DOUGLASTON,Queens,195,134,557801.3692307692
4,CAMBRIA HEIGHTS,Queens,186,175,424395.13440860214
4,BELLEROSE,Queens,179,176,567505.8491620112
4,FLORAL PARK,Queens,165,145,518051.44242424244
4,ROCKAWAY PARK,Queens,162,141,546953.487654321
4,FRESH MEADOWS,Queens,133,111,594863.1729323309
4,BEECHHURST,Queens,129,79,533749.023255814
4,HOLLISWOOD,Queens,112,46,468869.83928571426
4,HILLCREST,Queens,110,68,409582.2090909091
4,JAMAICA HILLS,Queens,105,87,569514.2095238095
4,JAMAICA ESTATES,Queens,94,79,1290694.5638297873
4,BELLE HARBOR,Queens,71,61,771777.4647887324
4,HOLLIS HILLS,Queens,59,38,521979.13559322036
4,BROAD CHANNEL,Queens,22,22,320308.9090909091
4,NEPONSIT,Queens,21,20,981609.0476190476
4,FLUSHING MEADOW PARK,Queens,15,7,361566.6666666667
4,JAMAICA BAY,Queens,10,10,523400.0
4,AIRPORT LA GUARDIA,Queens,5,5,502236.0
4,AIRPORT JFK,Queens,4,1,3044352.0
5,GREAT KILLS,Staten Island,485,468,458753.3505154639
5,NEW SPRINGVILLE,Staten Island,376,360,448104.4840425532
5,MARINERS HARBOR,Staten Island,304,293,374682.9342105263
5,BULLS HEAD,Staten Island,296,288,392958.3006756757
5,WEST NEW BRIGHTON,Staten Island,284,270,463567.8943661972
5,PORT RICHMOND,Staten Island,261,245,470095.1954022989
5,MIDLAND BEACH,Staten Island,253,241,395409.1146245059
5,ARDEN HEIGHTS,Staten Island,242,242,356082.5991735537
5,TOTTENVILLE,Staten Island,229,227,578849.2052401747
5,ELTINGVILLE,Staten Island,227,222,484066.7973568282
5,NEW BRIGHTON,Staten Island,224,196,398803.84821428574
5,SOUTH BEACH,Staten Island,193,189,485874.5129533679
5,ROSEBANK,Staten Island,186,173,411320.9301075269
5,WESTERLEIGH,Staten Island,168,166,448779.04761904763
5,GRANT CITY,Staten Island,161,115,335014.7950310559
5,ROSSVILLE,Staten Island,150,148,467450.30666666664
5,STAPLETON,Staten Island,136,126,395730.44852941175
5,WILLOWBROOK,Staten Island,132,130,465604.3484848485
5,NEW DORP,Staten Island,131,130,491316.48091603053
5,PRINCES BAY,Staten Island,129,129,689509.519379845
5,ANNADALE,Staten Island,122,119,675435.2786885246
5,CASTLETON CORNERS,Staten Island,117,113,513481.8717948718
5,TRAVIS,Staten Island,111,88,380818.7117117117
5,WOODROW,Staten Island,109,107,485350.68807339447
5,MANOR HEIGHTS,Staten Island,103,101,474309.786407767
5,HUGUENOT,Staten Island,93,91,631095.2258064516
5,CONCORD,Staten Island,93,88,492870.0967741936
5,GRASMERE,Staten Island,76,74,477235.38157894736
5,DONGAN HILLS,Staten Island,75,71,517673.4266666667
5,CLOVE LAKES,Staten Island,75,67,457555.81333333335
5,RICHMONDTOWN,Staten Island,69,68,680012.695652174
5,PORT IVORY,Staten Island,68,63,317571.35294117645
5,GRYMES HILL,Staten Island,61,53,479022.2131147541
5,NEW DORP-BEACH,Staten Island,59,56,377416.5423728814
5,ROSSVILLE-CHARLESTON,Staten Island,57,56,542934.6842105263
5,GREAT KILLS-BAY TERRACE,Staten Island,57,43,409111.0
5,TOMPKINSVILLE,Staten Island,53,49,504074.9811320755
5,NEW DORP-HEIGHTS,Staten Island,52,51,634749.7307692308
5,OAKWOOD-BEACH,Staten Island,50,47,429277.94
5,CONCORD-FOX HILLS,Staten Island,47,46,298572.59574468085
5,SUNNYSIDE,Staten Island,45,45,471904.5333333333
5,SILVER LAKE,Staten Island,43,42,446317.72093023255
5,PLEASANT PLAINS,Staten Island,38,37,766911.1578947369
5,ARROCHAR,Staten Island,37,36,546602.8108108108
5,OAKWOOD,Staten Island,37,36,522277.8108108108
5,STAPLETON-CLIFTON,Staten Island,36,31,359117.3888888889
5,NEW BRIGHTON-ST. GEORGE,Staten Island,36,22,557356.9444444445
5,LIVINGSTON,Staten Island,35,34,433178.5714285714
5,TODT HILL,Staten Island,34,33,1530832.2647058824
5,DONGAN HILLS-COLONY,Staten Island,31,30,649745.1612903225
5,ARROCHAR-SHORE ACRES,Staten Island,18,15,367937.27777777775
5,ROSSVILLE-RICHMOND VALLEY,Staten Island,14,14,1994892.857142857
5,RICHMONDTOWN-LIGHTHS HILL,Staten Island,12,12,841583.3333333334
5,EMERSON HILL,Staten Island,11,11,885090.9090909091
5,DONGAN HILLS-OLD TOWN,Staten Island,9,8,297942.0
5,BLOOMFIELD,Staten Island,4,4,1277250.0
5,FRESH KILLS,Staten Island,4,4,1083125.0
5,ROSSVILLE-PORT MOBIL,Staten Island,2,2,350000.0
